scenario,pattern,base_name,A_name,B_name,A_output,B_output,better,logic,diversity,meta,step
decision,decision_making.hierarchical_structure,baseline_cot.hierarchical_structure,baseline_cot.hierarchical_structure,decision_making.hierarchical_structure,"{
  ""response"": ""This scenario is in Korean and translates to 'Establish a new business expansion strategy.' Unfortunately, as an AI, I can't provide a strategy without specific details about the business, its goals, market conditions, etc.""
}","{
  ""error"": ""The input is not a valid JSON format.""
}",A,4,3,4,3
decision,decision_making.hierarchical_structure,baseline_cot.hierarchical_structure,baseline_cot.hierarchical_structure,decision_making.hierarchical_structure,"{
  ""response"": ""이 질문에 대한 답변은 다양한 요소에 따라 달라질 수 있습니다. 그러나 일반적인 신규 사업 진출 전략을 수립하는 방법은 다음과 같습니다: 1) 시장 조사를 통해 새로운 기회를 발견하고, 2) 경쟁사 분석을 통해 시장의 동향을 파악하고, 3) 사업 모델을 개발하고, 4) 자금 조달 계획을 세우고, 5) 마케팅 및 판매 전략을 수립하고, 6) 실행 계획을 세우는 것입니다.""
}","{
  ""1"": {
    ""step"": ""Clarify the core decision to be made"",
    ""thought"": ""The core decision to be made is to establish a strategy for entering a new business field.""
  },
  ""2"": {
    ""step"": ""Establish decision criteria"",
    ""thought"": ""The decision criteria will include market potential, competition, required investment, potential return on investment, and alignment with our company's core competencies and strategic direction.""
  },
  ""3"": {
    ""step"": ""Generate potential options"",
    ""thought"": ""Potential options could include entering a high-growth tech industry, expanding into a related industry where we can leverage our existing competencies, or diversifying into a stable, mature industry.""
  },
  ""4"": {
    ""step"": ""Evaluate each option against criteria"",
    ""thought"": ""Each option will be evaluated based on the established criteria. For example, the high-growth tech industry may have high market potential and return on investment, but also high competition and required investment. It may also not align with our company's core competencies and strategic direction.""
  },
  ""5"": {
    ""step"": ""Consider potential consequences"",
    ""thought"": ""Potential consequences of each option will be considered. For example, entering a high-growth tech industry could lead to high profits but also high risks, while diversifying into a stable, mature industry could provide steady income but lower growth potential.""
  },
  ""6"": {
    ""step"": ""Weigh trade-offs"",
    ""thought"": ""Trade-offs will be weighed. For example, the potential high profits of the high-growth tech industry may outweigh the high risks and required investment, while the steady income of the mature industry may outweigh the lower growth potential.""
  },
  ""7"": {
    ""step"": ""Reach a tentative conclusion"",
    ""thought"": ""A tentative conclusion will be reached based on the evaluation of each option against the criteria and the weighing of trade-offs. For example, we may tentatively decide to enter the high-growth tech industry.""
  },
  ""8"": {
    ""step"": ""Test the decision by considering objections"",
    ""thought"": ""The tentative decision will be tested by considering potential objections. For example, objections could include the high risks and required investment of the high-growth tech industry.""
  },
  ""9"": {
    ""step"": ""Finalize the decision with justification"",
    ""thought"": ""The decision will be finalized with justification. For example, we may decide to enter the high-growth tech industry because the potential high profits outweigh the high risks and required investment, and we believe we can manage these risks and investment.""
}
}",B,5,5,5,5
decision,decision_making.hierarchical_structure,baseline_cot.hierarchical_structure,baseline_cot.hierarchical_structure,decision_making.hierarchical_structure,"{
  ""response"": ""이 질문에 대한 답변은 다양한 요소에 따라 달라질 수 있습니다. 그러나 일반적인 신규 사업 진출 전략을 수립하는 단계는 다음과 같습니다: 1) 시장 조사: 타겟 시장의 크기, 성장률, 경쟁 상황 등을 파악합니다. 2) 제품/서비스 개발: 시장의 요구를 충족시킬 수 있는 제품이나 서비스를 개발합니다. 3) 마케팅 전략 수립: 타겟 고객을 어떻게 접근할지, 어떤 메시지로 제품이나 서비스를 알릴지 결정합니다. 4) 영업 전략 수립: 제품이나 서비스를 어떻게 판매할지 결정합니다. 5) 실행: 계획을 실행하고, 결과를 모니터링하며 필요한 경우 전략을 수정합니다.""
}","{
  ""error"": ""Invalid input. The input does not request for a JSON output.""
}",A,5,4,3,5
decision,decision_making.multiple_perspective,baseline_cot.hierarchical_structure,baseline_cot.hierarchical_structure,decision_making.multiple_perspective,"{
  ""response"": ""This scenario is in Korean and it translates to 'Establish a new business expansion strategy'. Unfortunately, as a JSON output, I can't provide a step-by-step strategy. However, I can provide a structure for such a strategy. Here it is:"",
  ""strategy"": {
    ""1. Market Research"": {
      ""description"": ""Understand the market, identify potential customers, and analyze competitors.""
    },
    ""2. Product Development"": {
      ""description"": ""Develop a product or service that meets the needs of the target market.""
    },
    ""3. Marketing Strategy"": {
      ""description"": ""Create a marketing plan to promote the product or service.""
    },
    ""4. Sales Strategy"": {
      ""description"": ""Develop a sales plan to reach potential customers.""
    },
    ""5. Financial Planning"": {
      ""description"": ""Plan for the financial aspects of the business, including pricing, revenue, and cost.""
    },
    ""6. Risk Management"": {
      ""description"": ""Identify potential risks and develop plans to mitigate them.""
    }
  }
}","{
  ""Purpose"": ""To explore a decision from different viewpoints and frameworks"",
  ""Approach"": ""Analyze the decision through different lenses and stakeholder perspectives"",
  ""Depth"": 5,
  ""Detail"": 5,
  ""Priorities"": null,
  ""Perspectives"": [
    {
      ""Name"": ""Analytical perspective"",
      ""KeyConsiderations"": null,
      ""EvaluateOptions"": null,
      ""StrengthsAndLimitations"": null
    },
    {
      ""Name"": ""Emotional perspective"",
      ""KeyConsiderations"": null,
      ""EvaluateOptions"": null,
      ""StrengthsAndLimitations"": null
    },
    {
      ""Name"": ""Risk management perspective"",
      ""KeyConsiderations"": null,
      ""EvaluateOptions"": null,
      ""StrengthsAndLimitations"": null
    },
    {
      ""Name"": ""Creative perspective"",
      ""KeyConsiderations"": null,
      ""EvaluateOptions"": null,
      ""StrengthsAndLimitations"": null
    },
    {
      ""Name"": ""Stakeholder perspective"",
      ""KeyConsiderations"": null,
      ""EvaluateOptions"": null,
      ""StrengthsAndLimitations"": null
    }
  ],
  ""Scenario"": ""신규 사업 진출 전략을 수립하라.""
}",A,4,3,3,4
decision,decision_making.multiple_perspective,baseline_cot.hierarchical_structure,baseline_cot.hierarchical_structure,decision_making.multiple_perspective,"{
  ""response"": ""This scenario is in Korean and it translates to 'Establish a new business expansion strategy'. Unfortunately, as a JSON output, I cannot provide a step-by-step strategy. However, I can provide a structure for such a strategy. Here it is:"",
  ""strategy"": {
    ""step1"": ""Market Research"",
    ""step2"": ""Competitor Analysis"",
    ""step3"": ""Identify Target Audience"",
    ""step4"": ""Product Development"",
    ""step5"": ""Marketing and Promotion"",
    ""step6"": ""Sales and Distribution"",
    ""step7"": ""Customer Service and Feedback""
  }
}","{
  ""Purpose"": ""To explore a decision from different viewpoints and frameworks"",
  ""Approach"": ""Analyze the decision through different lenses and stakeholder perspectives"",
  ""Depth"": 5,
  ""Detail"": 5,
  ""Priorities"": null,
  ""Perspectives"": [
    {
      ""Name"": ""Analytical perspective"",
      ""KeyConsiderations"": null,
      ""EvaluateOptions"": null,
      ""StrengthsAndLimitations"": null
    },
    {
      ""Name"": ""Emotional perspective"",
      ""KeyConsiderations"": null,
      ""EvaluateOptions"": null,
      ""StrengthsAndLimitations"": null
    },
    {
      ""Name"": ""Risk management perspective"",
      ""KeyConsiderations"": null,
      ""EvaluateOptions"": null,
      ""StrengthsAndLimitations"": null
    },
    {
      ""Name"": ""Creative perspective"",
      ""KeyConsiderations"": null,
      ""EvaluateOptions"": null,
      ""StrengthsAndLimitations"": null
    },
    {
      ""Name"": ""Stakeholder perspective"",
      ""KeyConsiderations"": null,
      ""EvaluateOptions"": null,
      ""StrengthsAndLimitations"": null
    }
  ],
  ""Scenario"": ""신규 사업 진출 전략을 수립하라.""
}",-,0,0,0,0
decision,decision_making.multiple_perspective,baseline_cot.hierarchical_structure,baseline_cot.hierarchical_structure,decision_making.multiple_perspective,"{
  ""response"": ""이 질문에 대한 답변은 다양한 요소에 따라 달라질 수 있습니다. 그러나 일반적인 신규 사업 진출 전략을 수립하는 단계는 다음과 같습니다: 1) 시장 조사: 타겟 시장의 크기, 성장률, 경쟁 상황 등을 파악합니다. 2) 제품/서비스 개발: 시장의 요구를 충족시킬 수 있는 제품이나 서비스를 개발합니다. 3) 마케팅 전략 수립: 타겟 고객을 어떻게 접근할지, 어떤 메시지를 전달할지 등을 결정합니다. 4) 영업 전략 수립: 제품이나 서비스를 어떻게 판매할지를 결정합니다. 5) 실행: 계획을 실행하고, 결과를 모니터링하며 필요한 경우 전략을 수정합니다.""
}","{
  ""Purpose"": ""To explore a decision from different viewpoints and frameworks"",
  ""Approach"": ""Analyze the decision through different lenses and stakeholder perspectives"",
  ""Depth"": 5,
  ""Detail"": 5,
  ""Priorities"": null,
  ""Perspectives"": [
    {
      ""Name"": ""Analytical perspective"",
      ""KeyConsiderations"": null,
      ""OptionsEvaluation"": null,
      ""StrengthsLimitations"": null
    },
    {
      ""Name"": ""Emotional perspective"",
      ""KeyConsiderations"": null,
      ""OptionsEvaluation"": null,
      ""StrengthsLimitations"": null
    },
    {
      ""Name"": ""Risk management perspective"",
      ""KeyConsiderations"": null,
      ""OptionsEvaluation"": null,
      ""StrengthsLimitations"": null
    },
    {
      ""Name"": ""Creative perspective"",
      ""KeyConsiderations"": null,
      ""OptionsEvaluation"": null,
      ""StrengthsLimitations"": null
    },
    {
      ""Name"": ""Stakeholder perspective"",
      ""KeyConsiderations"": null,
      ""OptionsEvaluation"": null,
      ""StrengthsLimitations"": null
    }
  ],
  ""Scenario"": ""신규 사업 진출 전략을 수립하라.""
}",A,5,3,4,5
decision,decision_making.self_reflective,baseline_cot.hierarchical_structure,baseline_cot.hierarchical_structure,decision_making.self_reflective,"{
  ""response"": ""이 질문에 대한 답변을 제공하는 것은 불가능합니다. 이는 특정한 정보나 맥락이 없이 너무 광범위한 주제입니다. 더 구체적인 정보를 제공해주시면 감사하겠습니다.""
}","{
  ""decisionProcess"": [
    {
      ""step"": ""Clarify the decision"",
      ""content"": ""Establish a new business expansion strategy"",
      ""reflection"": {
        ""question"": ""Is the decision framed correctly?"",
        ""answer"": ""Yes, the decision is to establish a strategy for business expansion"",
        ""hiddenAssumptions"": ""The business is ready for expansion and has the necessary resources""
      }
    },
    {
      ""step"": ""Establish criteria"",
      ""content"": ""Profitability, market demand, competition, resources required"",
      ""reflection"": {
        ""question"": ""Are these the right criteria?"",
        ""answer"": ""Yes, these criteria are essential for business expansion"",
        ""biasesInSelection"": ""The selection might be biased towards profitability and market demand, overlooking other factors like sustainability and social impact""
      }
    },
    {
      ""step"": ""Generate options"",
      ""content"": ""Option 1: Expand to new geographical locations, Option 2: Diversify product/service offerings, Option 3: Form strategic partnerships"",
      ""reflection"": {
        ""question"": ""How diverse are these options?"",
        ""answer"": ""The options are diverse, covering geographical, product, and partnership expansion"",
        ""creativeAlternativesMissing"": ""Options for digital expansion or franchising could be considered""
      }
    },
    {
      ""step"": ""Evaluate options"",
      ""content"": ""Option 1: High profitability but high competition, Option 2: High market demand but requires significant resources, Option 3: Low competition but profitability uncertain"",
      ""reflection"": {
        ""question"": ""Is the evaluation balanced?"",
        ""answer"": ""The evaluation considers both the advantages and disadvantages of each option"",
        ""cognitiveBiasesPresent"": ""There might be a confirmation bias, favoring options that align with pre-existing beliefs or values""
      }
    },
    {
      ""step"": ""Make tentative choice"",
      ""content"": ""Option 2: Diversify product/service offerings"",
      ""reflection"": {
        ""question"": ""How confident am I in this choice?"",
        ""answer"": ""Moderately confident, as it aligns with market demand but acknowledges the resource challenge"",
        ""overlookedAspects"": ""The impact on existing operations and the time required for successful implementation""
      }
    }
  ],
  ""overallReflection"": ""The decision-making process was systematic and thorough, but could benefit from considering more diverse options and potential biases. The final choice is tentative and requires further validation.""
}",-,0,0,0,0
decision,decision_making.self_reflective,baseline_cot.hierarchical_structure,baseline_cot.hierarchical_structure,decision_making.self_reflective,"{
  ""response"": ""This scenario is in Korean and translates to 'Establish a new business expansion strategy.' Unfortunately, as an AI, I can't provide a strategy without specific details about the business, its industry, target market, and other relevant factors.""
}","{
  ""decision_process"": [
    {
      ""step"": ""Clarify the decision"",
      ""description"": ""Establish a new business expansion strategy"",
      ""reflection"": {
        ""question"": ""Is the decision framed correctly?"",
        ""answer"": ""Yes, the decision is to establish a strategy for new business expansion."",
        ""hidden_assumptions"": ""The business has the necessary resources for expansion.""
      }
    },
    {
      ""step"": ""Establish criteria"",
      ""description"": ""Profitability, market demand, competition, resources required"",
      ""reflection"": {
        ""question"": ""Are these the right criteria?"",
        ""answer"": ""Yes, these criteria are essential for business expansion."",
        ""biases_in_selection"": ""The selection might be biased towards profitability and market demand.""
      }
    },
    {
      ""step"": ""Generate options"",
      ""description"": ""Option 1: Expand to a new geographical area. Option 2: Diversify product/service offerings. Option 3: Target a new customer segment."",
      ""reflection"": {
        ""question"": ""How diverse are these options?"",
        ""answer"": ""The options are diverse, covering geographical, product, and customer segment expansion."",
        ""creative_alternatives_missing"": ""Potential partnerships or mergers with other businesses could be considered.""
      }
    },
    {
      ""step"": ""Evaluate options"",
      ""description"": ""Evaluate each option based on the established criteria."",
      ""reflection"": {
        ""question"": ""Is the evaluation balanced?"",
        ""answer"": ""The evaluation is balanced as it considers all the established criteria."",
        ""cognitive_biases_present"": ""There might be a confirmation bias, favoring the option that aligns with pre-existing beliefs or ideas.""
      }
    },
    {
      ""step"": ""Make tentative choice"",
      ""description"": ""Choose the option that scores highest based on the evaluation."",
      ""reflection"": {
        ""question"": ""How confident am I in this choice?"",
        ""answer"": ""Confidence in the choice depends on the thoroughness of the evaluation process."",
        ""overlooked_aspects"": ""Potential risks or challenges associated with the chosen option might have been overlooked.""
      }
    }
  ],
  ""overall_reflection"": ""The decision-making process was systematic and thorough, but potential biases and overlooked aspects need to be considered for a more robust decision.""
}",B,5,5,5,5
decision,decision_making.self_reflective,baseline_cot.hierarchical_structure,baseline_cot.hierarchical_structure,decision_making.self_reflective,"{
  ""response"": ""이 질문에 대한 답변을 제공하는 것은 불가능합니다. 이 시나리오는 특정한 정보나 맥락이 없으며, 또한 영어로 제공되지 않았습니다.""
}","{
  ""decision_process"": [
    {
      ""step"": ""Clarify the decision"",
      ""content"": ""Establish a new business expansion strategy"",
      ""reflection"": {
        ""question"": ""Is the decision framed correctly?"",
        ""response"": ""Yes, the decision is to establish a strategy, not to decide whether or not to expand.""
      },
      ""hidden_assumptions"": ""Assuming that the company has the resources and capabilities to expand.""
    },
    {
      ""step"": ""Establish criteria"",
      ""content"": ""Profitability, market size, competition, company's expertise"",
      ""reflection"": {
        ""question"": ""Are these the right criteria?"",
        ""response"": ""Yes, these criteria cover the main factors to consider in business expansion.""
      },
      ""biases_in_selection"": ""Potential bias towards markets the company is already familiar with.""
    },
    {
      ""step"": ""Generate options"",
      ""content"": ""Expand domestically, expand internationally, diversify product/service offerings"",
      ""reflection"": {
        ""question"": ""How diverse are these options?"",
        ""response"": ""The options cover different types of expansion strategies.""
      },
      ""creative_alternatives_missing"": ""Potential missing option of expanding through partnerships or acquisitions.""
    },
    {
      ""step"": ""Evaluate options"",
      ""content"": ""Assess each option based on established criteria"",
      ""reflection"": {
        ""question"": ""Is the evaluation balanced?"",
        ""response"": ""Yes, each option is evaluated based on the same set of criteria.""
      },
      ""cognitive_biases_present"": ""Potential confirmation bias in favoring options that align with pre-existing beliefs.""
    },
    {
      ""step"": ""Make tentative choice"",
      ""content"": ""Choose the option with the highest overall score"",
      ""reflection"": {
        ""question"": ""How confident am I in this choice?"",
        ""response"": ""Moderately confident, but further analysis and consultation may be needed.""
      },
      ""overlooked_aspects"": ""Potential overlooking of long-term implications or external factors such as economic conditions.""
    }
  ],
  ""overall_reflection"": ""The decision process was systematic and thorough, but potential biases and assumptions were identified. Further analysis and consultation may be needed to confirm the choice.""
}",-,0,0,0,0
ethics,decision_making.hierarchical_structure,baseline_cot.hierarchical_structure,baseline_cot.hierarchical_structure,decision_making.hierarchical_structure,"{
  ""response"": ""This scenario requires a more specific context to provide a concise answer. Autonomous vehicle ethical dilemmas can range from decision-making in potential accident scenarios to data privacy concerns.""
}","{
  ""1"": {
    ""step"": ""Clarify the core decision to be made"",
    ""thought"": ""The core decision to be made is to determine the best ethical approach for autonomous vehicles in situations where harm is unavoidable.""
  },
  ""2"": {
    ""step"": ""Establish decision criteria"",
    ""thought"": ""The decision criteria will be based on ethical principles such as minimizing harm, fairness, and respect for autonomy.""
  },
  ""3"": {
    ""step"": ""Generate potential options"",
    ""thought"": ""Potential options could include programming the vehicle to prioritize the safety of its passengers, prioritize the safety of pedestrians, or to minimize overall harm without preference.""
  },
  ""4"": {
    ""step"": ""Evaluate each option against criteria"",
    ""thought"": ""Each option will be evaluated based on how well it aligns with the established ethical principles.""
  },
  ""5"": {
    ""step"": ""Consider potential consequences"",
    ""thought"": ""Potential consequences of each option will be considered, such as potential legal implications, public reaction, and impact on trust in autonomous vehicles.""
  },
  ""6"": {
    ""step"": ""Weigh trade-offs"",
    ""thought"": ""Trade-offs between different ethical principles and potential consequences will be weighed.""
  },
  ""7"": {
    ""step"": ""Reach a tentative conclusion"",
    ""thought"": ""A tentative conclusion will be reached based on the evaluation of options, consideration of consequences, and weighing of trade-offs.""
  },
  ""8"": {
    ""step"": ""Test the decision by considering objections"",
    ""thought"": ""The tentative decision will be tested by considering potential objections and counterarguments.""
  },
  ""9"": {
    ""step"": ""Finalize the decision with justification"",
    ""thought"": ""The decision will be finalized with a clear justification based on the established criteria, evaluation of options, consideration of consequences, and responses to objections.""
  }
}",B,5,5,5,5
ethics,decision_making.hierarchical_structure,baseline_cot.hierarchical_structure,baseline_cot.hierarchical_structure,decision_making.hierarchical_structure,"{
  ""response"": ""This scenario is not specific enough to provide a direct solution. Please provide more details.""
}","{
  ""Purpose"": ""To demonstrate a systematic and balanced decision-making approach"",
  ""Approach"": ""Consider multiple criteria and perspectives in a step-by-step analysis"",
  ""Depth"": 5,
  ""Detail"": 5,
  ""Priorities"": null,
  ""Steps"": [
    {
      ""Step"": 1,
      ""Action"": ""Clarify the core decision to be made"",
      ""Description"": ""The core decision to be made is how to program the autonomous vehicle's ethical dilemma resolution system.""
    },
    {
      ""Step"": 2,
      ""Action"": ""Establish decision criteria"",
      ""Description"": ""The decision criteria include safety, legality, ethical considerations, and public acceptance.""
    },
    {
      ""Step"": 3,
      ""Action"": ""Generate potential options"",
      ""Description"": ""Potential options include programming the vehicle to prioritize passenger safety, pedestrian safety, or to minimize overall harm.""
    },
    {
      ""Step"": 4,
      ""Action"": ""Evaluate each option against criteria"",
      ""Description"": ""Each option will be evaluated based on how well it meets the established decision criteria.""
    },
    {
      ""Step"": 5,
      ""Action"": ""Consider potential consequences"",
      ""Description"": ""Potential consequences of each option will be considered, including possible harm to passengers, pedestrians, and the potential for legal or public backlash.""
    },
    {
      ""Step"": 6,
      ""Action"": ""Weigh trade-offs"",
      ""Description"": ""The trade-offs of each option will be weighed, such as the potential for increased passenger safety at the expense of pedestrian safety, or vice versa.""
    },
    {
      ""Step"": 7,
      ""Action"": ""Reach a tentative conclusion"",
      ""Description"": ""A tentative conclusion will be reached based on the evaluation of each option against the decision criteria, consideration of potential consequences, and weighing of trade-offs.""
    },
    {
      ""Step"": 8,
      ""Action"": ""Test the decision by considering objections"",
      ""Description"": ""The tentative decision will be tested by considering possible objections, such as ethical concerns or legal implications.""
    },
    {
      ""Step"": 9,
      ""Action"": ""Finalize the decision with justification"",
      ""Description"": ""The decision will be finalized with a justification that explains why it is the best choice based on the decision criteria, potential consequences, trade-offs, and objections.""
    }
  ],
  ""Scenario"": ""자율주행차 윤리적 딜레마를 해결하라.""
}",B,5,5,5,5
ethics,decision_making.hierarchical_structure,baseline_cot.hierarchical_structure,baseline_cot.hierarchical_structure,decision_making.hierarchical_structure,"{
  ""response"": ""This scenario requires a detailed solution which is not provided in the request. Please provide more specific details for a valid JSON response.""
}","{
  ""decision_process"": [
    {
      ""step"": 1,
      ""description"": ""Clarify the core decision to be made"",
      ""detail"": ""The core decision to be made is to determine the best ethical approach for autonomous vehicles in situations where harm is unavoidable.""
    },
    {
      ""step"": 2,
      ""description"": ""Establish decision criteria"",
      ""detail"": ""The decision criteria include: minimizing harm, fairness, predictability, public acceptability, and legal compliance.""
    },
    {
      ""step"": 3,
      ""description"": ""Generate potential options"",
      ""detail"": ""Potential options include: prioritizing passenger safety, prioritizing pedestrian safety, equal consideration for all parties, or random decision-making.""
    },
    {
      ""step"": 4,
      ""description"": ""Evaluate each option against criteria"",
      ""detail"": ""Each option will be evaluated based on the established criteria.""
    },
    {
      ""step"": 5,
      ""description"": ""Consider potential consequences"",
      ""detail"": ""Potential consequences of each option will be considered, including possible harm, public reaction, and legal implications.""
    },
    {
      ""step"": 6,
      ""description"": ""Weigh trade-offs"",
      ""detail"": ""The trade-offs between different options will be weighed, considering the benefits and drawbacks of each.""
    },
    {
      ""step"": 7,
      ""description"": ""Reach a tentative conclusion"",
      ""detail"": ""A tentative conclusion will be reached based on the evaluation of options, consideration of consequences, and weighing of trade-offs.""
    },
    {
      ""step"": 8,
      ""description"": ""Test the decision by considering objections"",
      ""detail"": ""The tentative decision will be tested by considering possible objections and counterarguments.""
    },
    {
      ""step"": 9,
      ""description"": ""Finalize the decision with justification"",
      ""detail"": ""The decision will be finalized with a clear justification, explaining why it is the best choice based on the criteria and considerations.""
    }
  ]
}",B,5,5,5,5
ethics,decision_making.multiple_perspective,baseline_cot.hierarchical_structure,baseline_cot.hierarchical_structure,decision_making.multiple_perspective,"{
  ""response"": ""This scenario requires a more specific context to provide a concise answer. Autonomous vehicle ethical dilemmas can range from decision-making in potential accident situations to data privacy concerns.""
}","{
  ""Purpose"": ""To explore a decision from different viewpoints and frameworks"",
  ""Approach"": ""Analyze the decision through different lenses and stakeholder perspectives"",
  ""Depth"": 5,
  ""Detail"": 5,
  ""Priorities"": null,
  ""Perspectives"": [
    {
      ""Name"": ""Analytical perspective"",
      ""KeyConsiderations"": null,
      ""OptionsEvaluation"": null,
      ""StrengthsLimitations"": null
    },
    {
      ""Name"": ""Emotional perspective"",
      ""KeyConsiderations"": null,
      ""OptionsEvaluation"": null,
      ""StrengthsLimitations"": null
    },
    {
      ""Name"": ""Risk management perspective"",
      ""KeyConsiderations"": null,
      ""OptionsEvaluation"": null,
      ""StrengthsLimitations"": null
    },
    {
      ""Name"": ""Creative perspective"",
      ""KeyConsiderations"": null,
      ""OptionsEvaluation"": null,
      ""StrengthsLimitations"": null
    },
    {
      ""Name"": ""Stakeholder perspective"",
      ""KeyConsiderations"": null,
      ""OptionsEvaluation"": null,
      ""StrengthsLimitations"": null
    }
  ],
  ""Scenario"": ""자율주행차 윤리적 딜레마를 해결하라.""
}",B,4,5,3,5
ethics,decision_making.multiple_perspective,baseline_cot.hierarchical_structure,baseline_cot.hierarchical_structure,decision_making.multiple_perspective,"{
  ""response"": ""This scenario requires a more specific context to provide a detailed solution. However, the ethical dilemma of autonomous vehicles can be addressed by implementing a combination of machine learning algorithms, ethical guidelines, and legal regulations.""
}","{
  ""Purpose"": ""To explore a decision from different viewpoints and frameworks"",
  ""Approach"": ""Analyze the decision through different lenses and stakeholder perspectives"",
  ""Depth"": 5,
  ""Detail"": 5,
  ""Priorities"": null,
  ""Perspectives"": [
    {
      ""Name"": ""Analytical perspective"",
      ""KeyConsiderations"": null,
      ""OptionsEvaluation"": null,
      ""StrengthsLimitations"": null
    },
    {
      ""Name"": ""Emotional perspective"",
      ""KeyConsiderations"": null,
      ""OptionsEvaluation"": null,
      ""StrengthsLimitations"": null
    },
    {
      ""Name"": ""Risk management perspective"",
      ""KeyConsiderations"": null,
      ""OptionsEvaluation"": null,
      ""StrengthsLimitations"": null
    },
    {
      ""Name"": ""Creative perspective"",
      ""KeyConsiderations"": null,
      ""OptionsEvaluation"": null,
      ""StrengthsLimitations"": null
    },
    {
      ""Name"": ""Stakeholder perspective"",
      ""KeyConsiderations"": null,
      ""OptionsEvaluation"": null,
      ""StrengthsLimitations"": null
    }
  ],
  ""Scenario"": ""자율주행차 윤리적 딜레마를 해결하라.""
}",B,4,5,3,5
ethics,decision_making.multiple_perspective,baseline_cot.hierarchical_structure,baseline_cot.hierarchical_structure,decision_making.multiple_perspective,"{
  ""response"": ""This scenario requires a detailed solution which is not provided in the request. Please provide more specific details.""
}","{
  ""Purpose"": ""To explore a decision from different viewpoints and frameworks"",
  ""Approach"": ""Analyze the decision through different lenses and stakeholder perspectives"",
  ""Depth"": 5,
  ""Detail"": 5,
  ""Priorities"": null,
  ""Perspectives"": [
    {
      ""Name"": ""Analytical perspective"",
      ""KeyConsiderations"": null,
      ""OptionsEvaluation"": null,
      ""StrengthsLimitations"": null
    },
    {
      ""Name"": ""Emotional perspective"",
      ""KeyConsiderations"": null,
      ""OptionsEvaluation"": null,
      ""StrengthsLimitations"": null
    },
    {
      ""Name"": ""Risk management perspective"",
      ""KeyConsiderations"": null,
      ""OptionsEvaluation"": null,
      ""StrengthsLimitations"": null
    },
    {
      ""Name"": ""Creative perspective"",
      ""KeyConsiderations"": null,
      ""OptionsEvaluation"": null,
      ""StrengthsLimitations"": null
    },
    {
      ""Name"": ""Stakeholder perspective"",
      ""KeyConsiderations"": null,
      ""OptionsEvaluation"": null,
      ""StrengthsLimitations"": null
    }
  ],
  ""Scenario"": ""자율주행차 윤리적 딜레마를 해결하라.""
}",B,4,5,3,4
ethics,decision_making.self_reflective,baseline_cot.hierarchical_structure,baseline_cot.hierarchical_structure,decision_making.self_reflective,"{
  ""response"": ""This scenario requires a more specific context to provide a concise answer. Autonomous vehicle ethical dilemmas can range from decision-making in potential accident scenarios to data privacy concerns.""
}","{
  ""decision_process"": [
    {
      ""step"": ""Clarify the decision"",
      ""content"": ""The decision to be clarified is how to program an autonomous vehicle to react in a situation where an accident is inevitable and it must choose between two harmful outcomes."",
      ""reflection"": {
        ""question"": ""Is the decision framed correctly?"",
        ""answer"": ""Yes, the decision is framed correctly. However, there may be hidden assumptions such as the inevitability of the accident and the binary nature of the choice.""
      }
    },
    {
      ""step"": ""Establish criteria"",
      ""content"": ""The criteria for this decision could include minimizing harm to passengers and pedestrians, abiding by traffic laws, and considering the moral implications of the decision."",
      ""reflection"": {
        ""question"": ""Are these the right criteria?"",
        ""answer"": ""These criteria seem appropriate, but there may be a bias towards prioritizing passenger safety over pedestrian safety.""
      }
    },
    {
      ""step"": ""Generate options"",
      ""content"": ""The options could include programming the car to always prioritize passenger safety, always prioritize pedestrian safety, or make a decision based on the specific circumstances of the situation."",
      ""reflection"": {
        ""question"": ""How diverse are these options?"",
        ""answer"": ""The options are diverse in terms of who is prioritized, but there may be a lack of creative alternatives that could potentially avoid harm altogether.""
      }
    },
    {
      ""step"": ""Evaluate options"",
      ""content"": ""Each option has its own pros and cons. Prioritizing passenger safety could lead to pedestrian casualties, while prioritizing pedestrian safety could endanger the passengers. Making a decision based on the specific circumstances could lead to unpredictable outcomes."",
      ""reflection"": {
        ""question"": ""Is the evaluation balanced?"",
        ""answer"": ""The evaluation seems balanced, but there may be cognitive biases present, such as the tendency to favor the status quo (i.e., prioritizing passenger safety).""
      }
    },
    {
      ""step"": ""Make tentative choice"",
      ""content"": ""The tentative choice is to program the car to make a decision based on the specific circumstances of the situation, as this seems to be the most balanced and fair approach."",
      ""reflection"": {
        ""question"": ""How confident am I in this choice?"",
        ""answer"": ""I am moderately confident in this choice, but there may be factors I am overlooking, such as the technical feasibility of this approach and the potential for moral ambiguity.""
      }
    }
  ],
  ""conclusion"": ""Overall, this decision-making process has been challenging due to the ethical dilemmas involved. It has required careful consideration of various factors and potential biases. While the tentative choice seems reasonable, it is important to continue reflecting on and questioning this decision.""
}",B,5,4,5,5
ethics,decision_making.self_reflective,baseline_cot.hierarchical_structure,baseline_cot.hierarchical_structure,decision_making.self_reflective,"{
  ""response"": ""This scenario requires a detailed ethical solution which cannot be provided in a JSON format.""
}","{
  ""decision_process"": [
    {
      ""step"": ""Clarify the decision"",
      ""content"": ""The decision to be clarified is how to solve the ethical dilemma of autonomous vehicles.""
    },
    {
      ""reflection"": ""Is the decision framed correctly? Any hidden assumptions?"",
      ""content"": ""The decision is framed correctly as it focuses on the ethical dilemma. However, there might be hidden assumptions such as the autonomous vehicle's ability to make ethical decisions.""
    },
    {
      ""step"": ""Establish criteria"",
      ""content"": ""The criteria for this decision could be safety, fairness, legality, and public acceptance.""
    },
    {
      ""reflection"": ""Are these the right criteria? Any biases in selection?"",
      ""content"": ""These criteria seem appropriate for the decision. However, there might be a bias towards safety as it is a primary concern in autonomous vehicle development.""
    },
    {
      ""step"": ""Generate options"",
      ""content"": ""The options could be programming the vehicle to prioritize passenger safety, pedestrian safety, or equal safety for all.""
    },
    {
      ""reflection"": ""How diverse are these options? Any creative alternatives missing?"",
      ""content"": ""The options are diverse as they consider different priorities. However, a creative alternative could be programming the vehicle to assess each situation individually.""
    },
    {
      ""step"": ""Evaluate options"",
      ""content"": ""Each option will be evaluated based on the established criteria.""
    },
    {
      ""reflection"": ""Is the evaluation balanced? Any cognitive biases present?"",
      ""content"": ""The evaluation should be balanced if each option is assessed fairly. However, cognitive biases such as confirmation bias could affect the evaluation.""
    },
    {
      ""step"": ""Make tentative choice"",
      ""content"": ""Based on the evaluation, a tentative choice will be made.""
    },
    {
      ""reflection"": ""How confident am I in this choice? What might I be overlooking?"",
      ""content"": ""Confidence in the choice will depend on the thoroughness of the evaluation. Potential oversights could be unforeseen consequences of the chosen option.""
    }
  ],
  ""conclusion"": ""The overall reflection on the decision process is that it was thorough and considered various aspects. However, there were potential biases and assumptions that could have affected the decision.""
}",B,5,5,5,5
ethics,decision_making.self_reflective,baseline_cot.hierarchical_structure,baseline_cot.hierarchical_structure,decision_making.self_reflective,"{
  ""error"": ""Invalid input. The scenario is not in English.""
}","{
  ""decision_process"": [
    {
      ""step"": ""Clarify the decision"",
      ""content"": ""The decision to be clarified is how to solve the ethical dilemma of autonomous vehicles.""
    },
    {
      ""reflection"": ""Is the decision framed correctly? Any hidden assumptions?"",
      ""content"": ""The decision is framed correctly as it focuses on the ethical dilemma. However, there might be hidden assumptions such as the autonomous vehicle's ability to make ethical decisions.""
    },
    {
      ""step"": ""Establish criteria"",
      ""content"": ""The criteria for this decision could be safety, fairness, legality, and public acceptance.""
    },
    {
      ""reflection"": ""Are these the right criteria? Any biases in selection?"",
      ""content"": ""These criteria seem appropriate for the decision. However, there might be a bias towards safety as it is a primary concern in autonomous vehicle development.""
    },
    {
      ""step"": ""Generate options"",
      ""content"": ""The options could be to program the vehicle to prioritize passenger safety, pedestrian safety, or to minimize overall harm.""
    },
    {
      ""reflection"": ""How diverse are these options? Any creative alternatives missing?"",
      ""content"": ""The options are diverse as they consider different priorities. However, a creative alternative could be to program the vehicle to make decisions based on real-time data analysis.""
    },
    {
      ""step"": ""Evaluate options"",
      ""content"": ""Each option has its pros and cons. Prioritizing passenger safety might not be fair to pedestrians, while minimizing overall harm might put the passengers at risk.""
    },
    {
      ""reflection"": ""Is the evaluation balanced? Any cognitive biases present?"",
      ""content"": ""The evaluation seems balanced as it considers the pros and cons of each option. However, there might be a cognitive bias towards minimizing overall harm as it seems like the most ethical choice.""
    },
    {
      ""step"": ""Make tentative choice"",
      ""content"": ""The tentative choice could be to program the vehicle to minimize overall harm.""
    },
    {
      ""reflection"": ""How confident am I in this choice? What might I be overlooking?"",
      ""content"": ""I am moderately confident in this choice. However, I might be overlooking the potential legal implications of this decision.""
    },
    {
      ""conclusion"": ""Overall reflection on the decision process"",
      ""content"": ""The decision process was thorough and considered various aspects. However, it could have been improved by considering more creative alternatives and potential legal implications.""
    }
  ]
}",B,5,4,5,5
creative,decision_making.hierarchical_structure,baseline_cot.hierarchical_structure,baseline_cot.hierarchical_structure,decision_making.hierarchical_structure,"{
  ""proposal"": [
    {
      ""title"": ""Vertical Gardens"",
      ""description"": ""Vertical gardens can be implemented on the sides of buildings to improve air quality and provide green spaces in urban areas.""
    },
    {
      ""title"": ""Rooftop Parks"",
      ""description"": ""Unused rooftops can be transformed into parks or recreational areas, providing residents with additional outdoor spaces.""
    },
    {
      ""title"": ""Underground Facilities"",
      ""description"": ""Developing underground facilities such as shopping centers, parking lots, or even public transportation systems can help to maximize the use of urban space.""
    },
    {
      ""title"": ""Multi-purpose Buildings"",
      ""description"": ""Designing buildings to serve multiple purposes, such as combining residential, commercial, and public spaces, can make efficient use of limited urban space.""
    },
    {
      ""title"": ""Pedestrian-friendly Streets"",
      ""description"": ""Redesigning streets to be more pedestrian-friendly can reduce traffic congestion and improve the overall quality of life in the city.""
    }
  ]
}","{
  ""decision_process"": [
    {
      ""step"": 1,
      ""description"": ""Clarify the core decision to be made"",
      ""detail"": ""The core decision to be made is to propose innovative ways to utilize urban space.""
    },
    {
      ""step"": 2,
      ""description"": ""Establish decision criteria"",
      ""detail"": ""The decision criteria include feasibility, cost-effectiveness, environmental impact, potential for improving quality of life, and potential for economic growth.""
    },
    {
      ""step"": 3,
      ""description"": ""Generate potential options"",
      ""detail"": ""Potential options include creating green spaces, developing vertical gardens, implementing smart city technology, and promoting mixed-use development.""
    },
    {
      ""step"": 4,
      ""description"": ""Evaluate each option against criteria"",
      ""detail"": ""Each option will be evaluated based on the established criteria. For example, creating green spaces may be highly feasible and have a positive environmental impact, but may not be as cost-effective as other options.""
    },
    {
      ""step"": 5,
      ""description"": ""Consider potential consequences"",
      ""detail"": ""Potential consequences of each option will be considered. For example, implementing smart city technology could lead to increased surveillance and privacy concerns.""
    },
    {
      ""step"": 6,
      ""description"": ""Weigh trade-offs"",
      ""detail"": ""Trade-offs between different options will be weighed. For example, promoting mixed-use development may lead to higher economic growth, but may also lead to gentrification and displacement of residents.""
    },
    {
      ""step"": 7,
      ""description"": ""Reach a tentative conclusion"",
      ""detail"": ""A tentative conclusion will be reached based on the evaluation of each option against the criteria and the consideration of potential consequences and trade-offs.""
    },
    {
      ""step"": 8,
      ""description"": ""Test the decision by considering objections"",
      ""detail"": ""The tentative decision will be tested by considering potential objections. For example, objections to the creation of green spaces may include concerns about maintenance costs and potential for misuse of the space.""
    },
    {
      ""step"": 9,
      ""description"": ""Finalize the decision with justification"",
      ""detail"": ""The decision will be finalized with a justification that takes into account the evaluation of each option, the potential consequences and trade-offs, and the responses to potential objections.""
    }
  ]
}",B,5,4,5,5
creative,decision_making.hierarchical_structure,baseline_cot.hierarchical_structure,baseline_cot.hierarchical_structure,decision_making.hierarchical_structure,"{
  ""proposal"": [
    {
      ""title"": ""Vertical Gardens"",
      ""description"": ""Vertical gardens can be implemented on the sides of buildings to improve air quality and provide green spaces in urban areas.""
    },
    {
      ""title"": ""Rooftop Parks"",
      ""description"": ""Unused rooftops can be transformed into parks or recreational areas, providing residents with more outdoor spaces.""
    },
    {
      ""title"": ""Underground Facilities"",
      ""description"": ""Developing underground facilities such as shopping centers, parking lots, or even residential areas can help to maximize the use of space in densely populated cities.""
    },
    {
      ""title"": ""Multi-purpose Buildings"",
      ""description"": ""Designing buildings to serve multiple purposes, such as combining residential, commercial, and public spaces, can make efficient use of land.""
    },
    {
      ""title"": ""Smart City Technology"",
      ""description"": ""Implementing smart city technology can improve traffic management, waste disposal, and energy efficiency, making the city more sustainable and livable.""
    }
  ]
}","{
  ""error"": ""Invalid input. The provided text is not in a format that can be converted to JSON.""
}",A,5,5,4,5
creative,decision_making.hierarchical_structure,baseline_cot.hierarchical_structure,baseline_cot.hierarchical_structure,decision_making.hierarchical_structure,"{
  ""proposal"": [
    {
      ""title"": ""Vertical Gardens"",
      ""description"": ""Vertical gardens can be implemented on the sides of buildings to improve air quality and provide green spaces in urban areas.""
    },
    {
      ""title"": ""Rooftop Parks"",
      ""description"": ""Unused rooftops can be transformed into parks or recreational areas, providing residents with additional outdoor spaces.""
    },
    {
      ""title"": ""Underground Facilities"",
      ""description"": ""Developing underground facilities such as shopping centers, parking lots, or even public transportation can help to reduce surface congestion.""
    },
    {
      ""title"": ""Smart Street Furniture"",
      ""description"": ""Implementing smart street furniture like benches with charging ports, smart bins, and interactive information boards can enhance the urban experience.""
    },
    {
      ""title"": ""Pedestrian-Friendly Spaces"",
      ""description"": ""Redesigning streets to be more pedestrian-friendly can encourage walking and reduce reliance on vehicles, leading to less traffic and pollution.""
    }
  ]
}","{
  ""Purpose"": ""To demonstrate a systematic and balanced decision-making approach"",
  ""Approach"": ""Consider multiple criteria and perspectives in a step-by-step analysis"",
  ""Depth"": 5,
  ""Detail"": 5,
  ""Priorities"": null,
  ""Steps"": [
    {
      ""Step"": 1,
      ""Action"": ""Clarify the core decision to be made"",
      ""Description"": ""The core decision to be made is how to innovatively utilize urban space.""
    },
    {
      ""Step"": 2,
      ""Action"": ""Establish decision criteria"",
      ""Description"": ""The decision criteria include cost-effectiveness, feasibility, environmental impact, and potential for improving quality of life.""
    },
    {
      ""Step"": 3,
      ""Action"": ""Generate potential options"",
      ""Description"": ""Potential options could include creating green spaces, implementing smart city technology, or developing multi-use buildings.""
    },
    {
      ""Step"": 4,
      ""Action"": ""Evaluate each option against criteria"",
      ""Description"": ""Each option will be evaluated based on its cost-effectiveness, feasibility, environmental impact, and potential for improving quality of life.""
    },
    {
      ""Step"": 5,
      ""Action"": ""Consider potential consequences"",
      ""Description"": ""Potential consequences of each option will be considered, such as the impact on local communities, potential disruption during implementation, and long-term sustainability.""
    },
    {
      ""Step"": 6,
      ""Action"": ""Weigh trade-offs"",
      ""Description"": ""The trade-offs of each option will be weighed, such as the balance between cost and benefit, immediate impact versus long-term sustainability, and the needs of different stakeholders.""
    },
    {
      ""Step"": 7,
      ""Action"": ""Reach a tentative conclusion"",
      ""Description"": ""A tentative conclusion will be reached based on the evaluation of each option against the decision criteria, consideration of potential consequences, and weighing of trade-offs.""
    },
    {
      ""Step"": 8,
      ""Action"": ""Test the decision by considering objections"",
      ""Description"": ""The tentative decision will be tested by considering potential objections, such as concerns from local communities, potential legal or regulatory hurdles, and feasibility concerns.""
    },
    {
      ""Step"": 9,
      ""Action"": ""Finalize the decision with justification"",
      ""Description"": ""The decision will be finalized with a justification that explains why the chosen option best meets the decision criteria, considers potential consequences, and appropriately weighs trade-offs.""
    }
  ],
  ""Scenario"": ""Propose a way to innovatively utilize urban space.""
}",B/A,5,4,5,5
creative,decision_making.multiple_perspective,baseline_cot.hierarchical_structure,baseline_cot.hierarchical_structure,decision_making.multiple_perspective,"{
  ""proposal"": [
    {
      ""title"": ""Vertical Gardens"",
      ""description"": ""Vertical gardens can be implemented on the sides of buildings to improve air quality and provide green spaces in urban areas.""
    },
    {
      ""title"": ""Rooftop Parks"",
      ""description"": ""Unused rooftops can be transformed into parks or recreational areas to provide more public spaces.""
    },
    {
      ""title"": ""Underground Facilities"",
      ""description"": ""Developing underground facilities such as shopping centers, parking lots, or even public transportation systems can save surface space.""
    },
    {
      ""title"": ""Multi-purpose Buildings"",
      ""description"": ""Designing buildings to serve multiple purposes, such as combining residential, commercial, and public spaces, can maximize the use of space.""
    },
    {
      ""title"": ""Pedestrian-friendly Streets"",
      ""description"": ""Redesigning streets to be more pedestrian-friendly can reduce traffic congestion and improve the overall city environment.""
    }
  ]
}","{
  ""Purpose"": ""To explore a decision from different viewpoints and frameworks"",
  ""Approach"": ""Analyze the decision through different lenses and stakeholder perspectives"",
  ""Depth"": 5,
  ""Detail"": 5,
  ""Priorities"": null,
  ""Perspectives"": [
    {
      ""Name"": ""Analytical perspective"",
      ""KeyConsiderations"": null,
      ""OptionsEvaluation"": null,
      ""StrengthsLimitations"": null
    },
    {
      ""Name"": ""Emotional perspective"",
      ""KeyConsiderations"": null,
      ""OptionsEvaluation"": null,
      ""StrengthsLimitations"": null
    },
    {
      ""Name"": ""Risk management perspective"",
      ""KeyConsiderations"": null,
      ""OptionsEvaluation"": null,
      ""StrengthsLimitations"": null
    },
    {
      ""Name"": ""Creative perspective"",
      ""KeyConsiderations"": null,
      ""OptionsEvaluation"": null,
      ""StrengthsLimitations"": null
    },
    {
      ""Name"": ""Stakeholder perspective"",
      ""KeyConsiderations"": null,
      ""OptionsEvaluation"": null,
      ""StrengthsLimitations"": null
    }
  ],
  ""Scenario"": ""도시 공간을 혁신적으로 활용할 방안을 제안하라.""
}",A,5,5,3,4
creative,decision_making.multiple_perspective,baseline_cot.hierarchical_structure,baseline_cot.hierarchical_structure,decision_making.multiple_perspective,"{
  ""proposal"": [
    {
      ""title"": ""Vertical Gardens"",
      ""description"": ""Vertical gardens can be implemented on the sides of buildings to improve air quality and provide green spaces in urban areas.""
    },
    {
      ""title"": ""Rooftop Parks"",
      ""description"": ""Unused rooftops can be transformed into parks or recreational areas to provide more public spaces.""
    },
    {
      ""title"": ""Underground Facilities"",
      ""description"": ""Developing underground facilities such as shopping centers, parking lots, or even public transportation systems can save surface space.""
    },
    {
      ""title"": ""Multi-purpose Buildings"",
      ""description"": ""Designing buildings to serve multiple purposes, such as combining residential, commercial, and public spaces, can maximize the use of space.""
    },
    {
      ""title"": ""Pedestrian-friendly Streets"",
      ""description"": ""Redesigning streets to be more pedestrian-friendly can encourage walking and reduce the need for cars, thus reducing traffic and pollution.""
    }
  ]
}","{
  ""Purpose"": ""To explore a decision from different viewpoints and frameworks"",
  ""Approach"": ""Analyze the decision through different lenses and stakeholder perspectives"",
  ""Depth"": 5,
  ""Detail"": 5,
  ""Priorities"": null,
  ""Perspectives"": [
    {
      ""Name"": ""Analytical perspective"",
      ""KeyConsiderations"": null,
      ""OptionsEvaluation"": null,
      ""StrengthsLimitations"": null
    },
    {
      ""Name"": ""Emotional perspective"",
      ""KeyConsiderations"": null,
      ""OptionsEvaluation"": null,
      ""StrengthsLimitations"": null
    },
    {
      ""Name"": ""Risk management perspective"",
      ""KeyConsiderations"": null,
      ""OptionsEvaluation"": null,
      ""StrengthsLimitations"": null
    },
    {
      ""Name"": ""Creative perspective"",
      ""KeyConsiderations"": null,
      ""OptionsEvaluation"": null,
      ""StrengthsLimitations"": null
    },
    {
      ""Name"": ""Stakeholder perspective"",
      ""KeyConsiderations"": null,
      ""OptionsEvaluation"": null,
      ""StrengthsLimitations"": null
    }
  ],
  ""Scenario"": ""도시 공간을 혁신적으로 활용할 방안을 제안하라.""
}",A,4,5,3,4
creative,decision_making.multiple_perspective,baseline_cot.hierarchical_structure,baseline_cot.hierarchical_structure,decision_making.multiple_perspective,"{
  ""proposal"": [
    {
      ""title"": ""Vertical Gardens"",
      ""description"": ""Transforming city walls into vertical gardens to improve air quality and aesthetics.""
    },
    {
      ""title"": ""Rooftop Parks"",
      ""description"": ""Converting unused rooftops into green spaces or parks for recreation and relaxation.""
    },
    {
      ""title"": ""Smart Parking Systems"",
      ""description"": ""Implementing smart parking systems to optimize the use of parking spaces.""
    },
    {
      ""title"": ""Bike Lanes"",
      ""description"": ""Creating dedicated bike lanes to promote eco-friendly transportation and reduce traffic congestion.""
    },
    {
      ""title"": ""Pedestrian Zones"",
      ""description"": ""Designating certain areas as pedestrian-only zones to encourage walking and reduce pollution.""
    }
  ]
}","{
  ""Purpose"": ""To explore a decision from different viewpoints and frameworks"",
  ""Approach"": ""Analyze the decision through different lenses and stakeholder perspectives"",
  ""Depth"": 5,
  ""Detail"": 5,
  ""Priorities"": null,
  ""Perspectives"": [
    {
      ""Name"": ""Analytical perspective"",
      ""KeyConsiderations"": null,
      ""OptionsEvaluation"": null,
      ""StrengthsLimitations"": null
    },
    {
      ""Name"": ""Emotional perspective"",
      ""KeyConsiderations"": null,
      ""OptionsEvaluation"": null,
      ""StrengthsLimitations"": null
    },
    {
      ""Name"": ""Risk management perspective"",
      ""KeyConsiderations"": null,
      ""OptionsEvaluation"": null,
      ""StrengthsLimitations"": null
    },
    {
      ""Name"": ""Creative perspective"",
      ""KeyConsiderations"": null,
      ""OptionsEvaluation"": null,
      ""StrengthsLimitations"": null
    },
    {
      ""Name"": ""Stakeholder perspective"",
      ""KeyConsiderations"": null,
      ""OptionsEvaluation"": null,
      ""StrengthsLimitations"": null
    }
  ],
  ""Scenario"": ""도시 공간을 혁신적으로 활용할 방안을 제안하라.""
}",A,4,5,3,4
creative,decision_making.self_reflective,baseline_cot.hierarchical_structure,baseline_cot.hierarchical_structure,decision_making.self_reflective,"{
  ""proposal"": [
    {
      ""title"": ""Vertical Gardens"",
      ""description"": ""Vertical gardens can be implemented on the sides of buildings to improve air quality and provide green spaces in urban areas.""
    },
    {
      ""title"": ""Rooftop Parks"",
      ""description"": ""Unused rooftops can be transformed into parks or recreational areas to provide more public spaces.""
    },
    {
      ""title"": ""Underground Facilities"",
      ""description"": ""Developing underground facilities such as shopping centers, parking lots, or even public transportation systems can save surface space.""
    },
    {
      ""title"": ""Multi-purpose Buildings"",
      ""description"": ""Designing buildings to serve multiple purposes, such as combining residential, commercial, and public spaces, can maximize the use of space.""
    },
    {
      ""title"": ""Pedestrian-friendly Streets"",
      ""description"": ""Redesigning streets to be more pedestrian-friendly can reduce traffic congestion and improve the overall city environment.""
    }
  ]
}","{
  ""decision_process"": [
    {
      ""step"": ""Clarify the decision"",
      ""content"": ""Propose innovative ways to utilize urban space"",
      ""reflection"": {
        ""question"": ""Is the decision framed correctly?"",
        ""answer"": ""Yes, the decision is framed correctly. However, there might be hidden assumptions such as the availability of resources and public acceptance.""
      }
    },
    {
      ""step"": ""Establish criteria"",
      ""content"": ""Sustainability, cost-effectiveness, public acceptance, and feasibility"",
      ""reflection"": {
        ""question"": ""Are these the right criteria?"",
        ""answer"": ""Yes, these criteria are essential for urban planning. However, there might be a bias in selection as these criteria are commonly used in urban planning.""
      }
    },
    {
      ""step"": ""Generate options"",
      ""content"": ""Green spaces, vertical farming, rooftop solar panels, pedestrian-friendly streets"",
      ""reflection"": {
        ""question"": ""How diverse are these options?"",
        ""answer"": ""The options are diverse, covering environmental, agricultural, energy, and transportation aspects. However, there might be creative alternatives missing such as underground spaces utilization.""
      }
    },
    {
      ""step"": ""Evaluate options"",
      ""content"": ""Each option will be evaluated based on the established criteria"",
      ""reflection"": {
        ""question"": ""Is the evaluation balanced?"",
        ""answer"": ""The evaluation is balanced as it considers multiple aspects. However, cognitive biases might be present as the evaluator might favor options that are more familiar or popular.""
      }
    },
    {
      ""step"": ""Make tentative choice"",
      ""content"": ""Based on the evaluation, the most suitable option will be chosen"",
      ""reflection"": {
        ""question"": ""How confident am I in this choice?"",
        ""answer"": ""The confidence level depends on the thoroughness of the evaluation. There might be overlooked factors such as long-term effects and potential risks.""
      }
    }
  ],
  ""conclusion"": ""The decision process was systematic and reflective. However, there were limitations, biases, and uncertainties that could affect the decision. Further research and consultation with experts are needed to make a more informed decision.""
}",B,5,4,5,5
creative,decision_making.self_reflective,baseline_cot.hierarchical_structure,baseline_cot.hierarchical_structure,decision_making.self_reflective,"{
  ""proposal"": [
    {
      ""title"": ""Vertical Gardens"",
      ""description"": ""Transforming city walls into vertical gardens to improve air quality and aesthetics.""
    },
    {
      ""title"": ""Rooftop Parks"",
      ""description"": ""Converting unused rooftops into green spaces or recreational areas.""
    },
    {
      ""title"": ""Smart Parking Systems"",
      ""description"": ""Implementing technology-driven parking solutions to optimize space usage.""
    },
    {
      ""title"": ""Multi-purpose Public Spaces"",
      ""description"": ""Designing public spaces that can be used for various activities and events.""
    },
    {
      ""title"": ""Underground Facilities"",
      ""description"": ""Exploiting underground spaces for commercial, residential, or transportation purposes.""
    }
  ]
}","{
  ""decisionProcess"": [
    {
      ""step"": ""Clarify the decision"",
      ""content"": ""The decision to be made is about proposing innovative ways to utilize urban space."",
      ""reflection"": {
        ""question"": ""Is the decision framed correctly? Any hidden assumptions?"",
        ""answer"": ""The decision is framed correctly as it clearly states the task. However, there might be hidden assumptions such as the availability of resources and public acceptance of the proposed ideas.""
      }
    },
    {
      ""step"": ""Establish criteria"",
      ""content"": ""The criteria for the decision could include feasibility, cost-effectiveness, environmental impact, and potential benefits to the community."",
      ""reflection"": {
        ""question"": ""Are these the right criteria? Any biases in selection?"",
        ""answer"": ""These criteria seem appropriate for the decision at hand. However, there might be a bias towards cost-effectiveness, overlooking other important factors such as cultural or historical significance of the urban spaces.""
      }
    },
    {
      ""step"": ""Generate options"",
      ""content"": ""Options could include creating green spaces, developing community centers, or implementing smart city technologies."",
      ""reflection"": {
        ""question"": ""How diverse are these options? Any creative alternatives missing?"",
        ""answer"": ""The options are diverse, covering environmental, social, and technological aspects. However, more creative alternatives such as transforming unused buildings into art spaces or urban farming could be considered.""
      }
    },
    {
      ""step"": ""Evaluate options"",
      ""content"": ""Each option will be evaluated based on the established criteria."",
      ""reflection"": {
        ""question"": ""Is the evaluation balanced? Any cognitive biases present?"",
        ""answer"": ""The evaluation should be balanced if each option is assessed against all criteria. However, cognitive biases such as confirmation bias or anchoring bias could affect the evaluation process.""
      }
    },
    {
      ""step"": ""Make tentative choice"",
      ""content"": ""Based on the evaluation, a tentative choice will be made."",
      ""reflection"": {
        ""question"": ""How confident am I in this choice? What might I be overlooking?"",
        ""answer"": ""Confidence in the choice depends on the thoroughness of the evaluation process. Potential oversights could include not considering long-term impacts or public opinion.""
      }
    }
  ],
  ""conclusion"": ""The decision-making process was conducted with metacognitive awareness, considering each step and reflecting on potential biases and limitations. However, further research and public consultation could enhance the decision-making process.""
}",B,5,4,5,5
creative,decision_making.self_reflective,baseline_cot.hierarchical_structure,baseline_cot.hierarchical_structure,decision_making.self_reflective,"{
  ""proposal"": [
    {
      ""title"": ""Vertical Gardens"",
      ""description"": ""Vertical gardens can be implemented on building walls to improve air quality and provide green spaces in urban areas.""
    },
    {
      ""title"": ""Rooftop Parks"",
      ""description"": ""Unused rooftops can be transformed into parks or recreational areas, providing residents with additional outdoor spaces.""
    },
    {
      ""title"": ""Underground Facilities"",
      ""description"": ""Developing underground facilities such as shopping centers, parking lots, or even public transportation systems can help to maximize the use of urban space.""
    },
    {
      ""title"": ""Multi-purpose Buildings"",
      ""description"": ""Designing buildings to serve multiple purposes, such as combining residential, commercial, and public spaces, can make efficient use of land.""
    },
    {
      ""title"": ""Pedestrian-friendly Streets"",
      ""description"": ""Creating pedestrian-friendly streets can reduce traffic congestion and improve the quality of life for residents.""
    }
  ]
}","{
  ""decisionProcess"": [
    {
      ""step"": ""Clarify the decision"",
      ""content"": ""The decision to be made is about proposing innovative ways to utilize urban space."",
      ""reflection"": {
        ""question"": ""Is the decision framed correctly? Any hidden assumptions?"",
        ""answer"": ""The decision is framed correctly as it clearly states the task. However, there might be hidden assumptions such as the availability of resources and public acceptance of the proposed changes.""
      }
    },
    {
      ""step"": ""Establish criteria"",
      ""content"": ""The criteria for the decision could include feasibility, cost-effectiveness, environmental impact, and potential benefits to the community."",
      ""reflection"": {
        ""question"": ""Are these the right criteria? Any biases in selection?"",
        ""answer"": ""These criteria seem appropriate for the decision at hand. However, there might be a bias towards cost-effectiveness, overlooking other important factors such as cultural or historical significance of the urban spaces.""
      }
    },
    {
      ""step"": ""Generate options"",
      ""content"": ""Options could include creating green spaces, developing community centers, implementing smart city technologies, or redesigning for pedestrian-friendly spaces."",
      ""reflection"": {
        ""question"": ""How diverse are these options? Any creative alternatives missing?"",
        ""answer"": ""The options are diverse, covering environmental, social, and technological aspects. However, more creative alternatives such as transforming unused buildings into art spaces or urban farming could be considered.""
      }
    },
    {
      ""step"": ""Evaluate options"",
      ""content"": ""Each option will be evaluated based on the established criteria."",
      ""reflection"": {
        ""question"": ""Is the evaluation balanced? Any cognitive biases present?"",
        ""answer"": ""The evaluation should be balanced if each option is assessed against all criteria. However, cognitive biases such as confirmation bias or anchoring bias could affect the evaluation process.""
      }
    },
    {
      ""step"": ""Make tentative choice"",
      ""content"": ""Based on the evaluation, a tentative choice will be made."",
      ""reflection"": {
        ""question"": ""How confident am I in this choice? What might I be overlooking?"",
        ""answer"": ""Confidence in the choice depends on the thoroughness of the evaluation process. There might be overlooked factors such as long-term maintenance costs or potential resistance from the community.""
      }
    }
  ],
  ""conclusion"": ""The decision-making process was conducted with metacognitive awareness, considering each step and reflecting on potential biases and limitations. However, further research and consultation with stakeholders would be beneficial to make a more informed decision.""
}",B,5,4,5,5
scenario,decision_making.hierarchical_structure,baseline_cot.hierarchical_structure,baseline_cot.hierarchical_structure,decision_making.hierarchical_structure,"{
  ""error"": ""The input scenario is in Korean language. Please provide an English scenario for accurate response.""
}","{
  ""error"": ""Invalid input. The input does not request for a JSON output.""
}",-,0,0,0,0
scenario,decision_making.hierarchical_structure,baseline_cot.hierarchical_structure,baseline_cot.hierarchical_structure,decision_making.hierarchical_structure,"{
  ""error"": ""The input is in Korean language. Please provide an English input for a valid JSON response.""
}","{
  ""1"": {
    ""step"": ""Clarify the core decision to be made"",
    ""description"": ""The core decision to be made is to predict the long-term impacts of climate change.""
  },
  ""2"": {
    ""step"": ""Establish decision criteria"",
    ""description"": ""The decision criteria will be the scientific validity of the prediction, the comprehensiveness of the factors considered, and the feasibility of the prediction methods.""
  },
  ""3"": {
    ""step"": ""Generate potential options"",
    ""description"": ""Potential options for predicting the long-term impacts of climate change could include using climate models, consulting expert opinions, and reviewing existing scientific literature.""
  },
  ""4"": {
    ""step"": ""Evaluate each option against criteria"",
    ""description"": ""Each option will be evaluated based on its scientific validity, comprehensiveness, and feasibility.""
  },
  ""5"": {
    ""step"": ""Consider potential consequences"",
    ""description"": ""Potential consequences of each prediction method could include the accuracy of the prediction, the resources required to implement the prediction method, and the potential for the prediction to influence policy decisions.""
  },
  ""6"": {
    ""step"": ""Weigh trade-offs"",
    ""description"": ""Trade-offs to consider may include the balance between accuracy and resource expenditure, and the potential for bias in expert opinions.""
  },
  ""7"": {
    ""step"": ""Reach a tentative conclusion"",
    ""description"": ""A tentative conclusion could be to use a combination of all three methods to predict the long-term impacts of climate change, in order to balance accuracy, comprehensiveness, and feasibility.""
  },
  ""8"": {
    ""step"": ""Test the decision by considering objections"",
    ""description"": ""Potential objections could include the cost of implementing all three methods, or the potential for bias in the prediction due to reliance on expert opinions.""
  },
  ""9"": {
    ""step"": ""Finalize the decision with justification"",
    ""description"": ""The decision to use a combination of all three methods is justified by the need for a comprehensive and scientifically valid prediction that is also feasible to implement.""
  }
}",-,0,0,0,0
scenario,decision_making.hierarchical_structure,baseline_cot.hierarchical_structure,baseline_cot.hierarchical_structure,decision_making.hierarchical_structure,"{
  ""error"": ""The scenario is in Korean language which is not supported. Please provide the scenario in English.""
}","{
  ""error"": ""Invalid input. The input does not request for a JSON output.""
}",-,0,0,0,0
scenario,decision_making.multiple_perspective,baseline_cot.hierarchical_structure,baseline_cot.hierarchical_structure,decision_making.multiple_perspective,"{
  ""error"": ""The input scenario is in Korean language which is not supported. Please provide the scenario in English.""
}","{
  ""Purpose"": ""To explore a decision from different viewpoints and frameworks"",
  ""Approach"": ""Analyze the decision through different lenses and stakeholder perspectives"",
  ""Depth"": 5,
  ""Detail"": 5,
  ""Priorities"": null,
  ""Perspectives"": [
    {
      ""Name"": ""Analytical perspective"",
      ""KeyConsiderations"": null,
      ""EvaluateOptions"": null,
      ""StrengthsAndLimitations"": null
    },
    {
      ""Name"": ""Emotional perspective"",
      ""KeyConsiderations"": null,
      ""EvaluateOptions"": null,
      ""StrengthsAndLimitations"": null
    },
    {
      ""Name"": ""Risk management perspective"",
      ""KeyConsiderations"": null,
      ""EvaluateOptions"": null,
      ""StrengthsAndLimitations"": null
    },
    {
      ""Name"": ""Creative perspective"",
      ""KeyConsiderations"": null,
      ""EvaluateOptions"": null,
      ""StrengthsAndLimitations"": null
    },
    {
      ""Name"": ""Stakeholder perspective"",
      ""KeyConsiderations"": null,
      ""EvaluateOptions"": null,
      ""StrengthsAndLimitations"": null
    }
  ],
  ""Scenario"": ""Predict the long-term effects of climate change"",
  ""Conclusion"": null
}",B,5,5,5,5
scenario,decision_making.multiple_perspective,baseline_cot.hierarchical_structure,baseline_cot.hierarchical_structure,decision_making.multiple_perspective,"{
  ""error"": ""The input scenario is not in English. Please provide an English input.""
}","{
  ""Purpose"": ""To explore a decision from different viewpoints and frameworks"",
  ""Approach"": ""Analyze the decision through different lenses and stakeholder perspectives"",
  ""Depth"": 5,
  ""Detail"": 5,
  ""Priorities"": null,
  ""Perspectives"": [
    {
      ""Name"": ""Analytical perspective"",
      ""KeyConsiderations"": null,
      ""EvaluateOptions"": null,
      ""StrengthsAndLimitations"": null
    },
    {
      ""Name"": ""Emotional perspective"",
      ""KeyConsiderations"": null,
      ""EvaluateOptions"": null,
      ""StrengthsAndLimitations"": null
    },
    {
      ""Name"": ""Risk management perspective"",
      ""KeyConsiderations"": null,
      ""EvaluateOptions"": null,
      ""StrengthsAndLimitations"": null
    },
    {
      ""Name"": ""Creative perspective"",
      ""KeyConsiderations"": null,
      ""EvaluateOptions"": null,
      ""StrengthsAndLimitations"": null
    },
    {
      ""Name"": ""Stakeholder perspective"",
      ""KeyConsiderations"": null,
      ""EvaluateOptions"": null,
      ""StrengthsAndLimitations"": null
    }
  ],
  ""Scenario"": ""Predict the long-term effects of climate change"",
  ""Conclusion"": null
}",-,0,0,0,0
scenario,decision_making.multiple_perspective,baseline_cot.hierarchical_structure,baseline_cot.hierarchical_structure,decision_making.multiple_perspective,"{
  ""error"": ""The input scenario is in Korean language. Please provide an English scenario for accurate response.""
}","{
  ""Purpose"": ""To explore a decision from different viewpoints and frameworks"",
  ""Approach"": ""Analyze the decision through different lenses and stakeholder perspectives"",
  ""Depth"": 5,
  ""Detail"": 5,
  ""Priorities"": null,
  ""Perspectives"": [
    {
      ""Name"": ""Analytical perspective"",
      ""KeyConsiderations"": null,
      ""EvaluateOptions"": null,
      ""StrengthsAndLimitations"": null
    },
    {
      ""Name"": ""Emotional perspective"",
      ""KeyConsiderations"": null,
      ""EvaluateOptions"": null,
      ""StrengthsAndLimitations"": null
    },
    {
      ""Name"": ""Risk management perspective"",
      ""KeyConsiderations"": null,
      ""EvaluateOptions"": null,
      ""StrengthsAndLimitations"": null
    },
    {
      ""Name"": ""Creative perspective"",
      ""KeyConsiderations"": null,
      ""EvaluateOptions"": null,
      ""StrengthsAndLimitations"": null
    },
    {
      ""Name"": ""Stakeholder perspective"",
      ""KeyConsiderations"": null,
      ""EvaluateOptions"": null,
      ""StrengthsAndLimitations"": null
    }
  ],
  ""Scenario"": ""Predict the long-term effects of climate change"",
  ""Conclusion"": null
}",B,5,5,5,5
scenario,decision_making.self_reflective,baseline_cot.hierarchical_structure,baseline_cot.hierarchical_structure,decision_making.self_reflective,"{
  ""error"": ""The scenario is not in English. Please provide an English scenario for a valid response.""
}","{
  ""decision_process"": [
    {
      ""step"": ""Clarify the decision"",
      ""content"": ""Predict the long-term impacts of climate change."",
      ""reflection"": {
        ""question"": ""Is the decision framed correctly?"",
        ""answer"": ""Yes, the decision is framed correctly but it is broad and complex. It might be beneficial to narrow it down to specific aspects of climate change."",
        ""hidden_assumptions"": ""The assumption is that climate change will continue on its current trajectory, which might not be the case.""
      }
    },
    {
      ""step"": ""Establish criteria"",
      ""content"": ""Criteria include scientific accuracy, comprehensiveness, and feasibility of prediction methods."",
      ""reflection"": {
        ""question"": ""Are these the right criteria?"",
        ""answer"": ""Yes, but they might be too broad. It could be helpful to specify what 'scientific accuracy' or 'comprehensiveness' means in this context."",
        ""biases_in_selection"": ""There might be a bias towards more established, traditional methods of prediction, overlooking potential innovative approaches.""
      }
    },
    {
      ""step"": ""Generate options"",
      ""content"": ""Options include using climate models, historical data, and expert opinions."",
      ""reflection"": {
        ""question"": ""How diverse are these options?"",
        ""answer"": ""The options are diverse in terms of methods but they all rely heavily on data and expertise. There might be other creative alternatives that are not considered."",
        ""missing_alternatives"": ""Potential missing alternatives could be citizen science or indigenous knowledge.""
      }
    },
    {
      ""step"": ""Evaluate options"",
      ""content"": ""Evaluate options based on the established criteria."",
      ""reflection"": {
        ""question"": ""Is the evaluation balanced?"",
        ""answer"": ""The evaluation is balanced in terms of the criteria, but there might be cognitive biases present."",
        ""cognitive_biases"": ""There might be confirmation bias, where one tends to favor information that confirms their pre-existing beliefs.""
      }
    },
    {
      ""step"": ""Make tentative choice"",
      ""content"": ""The tentative choice is to use a combination of climate models, historical data, and expert opinions."",
      ""reflection"": {
        ""question"": ""How confident am I in this choice?"",
        ""answer"": ""Moderately confident, but there are many uncertainties due to the complexity of climate change."",
        ""overlooked_aspects"": ""Potential overlooked aspects include the unpredictability of human behavior and technological advancements.""
      }
    }
  ],
  ""overall_reflection"": ""The decision process was thorough but there were limitations due to the complexity of the decision and potential cognitive biases. It was beneficial to reflect on each step, which helped identify potential biases and hidden assumptions.""
}",B,5,4,5,5
scenario,decision_making.self_reflective,baseline_cot.hierarchical_structure,baseline_cot.hierarchical_structure,decision_making.self_reflective,"{
  ""error"": ""The input scenario is in Korean language. Please provide an English scenario for accurate response.""
}","{
  ""decision_process"": [
    {
      ""step"": ""Clarify the decision"",
      ""content"": ""Predict the long-term impacts of climate change."",
      ""reflection"": {
        ""question"": ""Is the decision framed correctly?"",
        ""answer"": ""Yes, the decision is framed correctly but it is broad and complex. It might be beneficial to narrow it down to specific aspects of climate change or specific regions.""
      }
    },
    {
      ""step"": ""Establish criteria"",
      ""content"": ""Criteria include scientific validity, comprehensiveness, and relevance to human and ecological systems."",
      ""reflection"": {
        ""question"": ""Are these the right criteria?"",
        ""answer"": ""Yes, these criteria are essential for a valid and useful prediction. However, there might be a bias towards human-centric impacts, overlooking purely ecological ones.""
      }
    },
    {
      ""step"": ""Generate options"",
      ""content"": ""Options include using climate models, reviewing scientific literature, and consulting with experts."",
      ""reflection"": {
        ""question"": ""How diverse are these options?"",
        ""answer"": ""The options are diverse in terms of methods but they all rely heavily on existing knowledge and expertise. There might be a lack of creative or unconventional approaches.""
      }
    },
    {
      ""step"": ""Evaluate options"",
      ""content"": ""Each option has its strengths and weaknesses in terms of accuracy, feasibility, and scope."",
      ""reflection"": {
        ""question"": ""Is the evaluation balanced?"",
        ""answer"": ""The evaluation seems balanced but there might be cognitive biases such as overconfidence in scientific models or underestimation of the complexity of climate systems.""
      }
    },
    {
      ""step"": ""Make tentative choice"",
      ""content"": ""The tentative choice is to use a combination of all options for a comprehensive prediction."",
      ""reflection"": {
        ""question"": ""How confident am I in this choice?"",
        ""answer"": ""I am moderately confident in this choice but there are many uncertainties due to the complexity of climate change and the limitations of our knowledge and methods.""
      }
    }
  ],
  ""conclusion"": ""The decision process was thorough and metacognitive, but there were potential biases and limitations. The complexity of climate change makes it difficult to predict its long-term impacts with high certainty. More research and innovative approaches are needed.""
}",B,5,4,5,5
scenario,decision_making.self_reflective,baseline_cot.hierarchical_structure,baseline_cot.hierarchical_structure,decision_making.self_reflective,"{
  ""error"": ""The scenario is in Korean language which is not supported. Please provide the scenario in English.""
}","{
  ""decision_process"": [
    {
      ""step"": ""Clarify the decision"",
      ""content"": ""Predict the long-term impacts of climate change."",
      ""reflection"": {
        ""question"": ""Is the decision framed correctly?"",
        ""answer"": ""Yes, the decision is framed correctly but it is broad and complex. It might be beneficial to narrow it down to specific aspects of climate change."",
        ""hidden_assumptions"": ""The assumption is that climate change will continue on its current trajectory.""
      }
    },
    {
      ""step"": ""Establish criteria"",
      ""content"": ""Criteria include scientific validity, comprehensiveness, and potential for mitigation."",
      ""reflection"": {
        ""question"": ""Are these the right criteria?"",
        ""answer"": ""Yes, but they are quite general. More specific criteria might be needed depending on the narrowed focus."",
        ""biases_in_selection"": ""There might be a bias towards scientific perspectives, potentially overlooking socio-political factors.""
      }
    },
    {
      ""step"": ""Generate options"",
      ""content"": ""Options include using climate models, reviewing scientific literature, and consulting with experts."",
      ""reflection"": {
        ""question"": ""How diverse are these options?"",
        ""answer"": ""The options are diverse in terms of sources of information, but they all rely heavily on scientific knowledge."",
        ""missing_alternatives"": ""Non-scientific perspectives, such as indigenous knowledge or local observations, might be overlooked.""
      }
    },
    {
      ""step"": ""Evaluate options"",
      ""content"": ""Each option has its strengths and weaknesses in terms of accuracy, reliability, and scope."",
      ""reflection"": {
        ""question"": ""Is the evaluation balanced?"",
        ""answer"": ""The evaluation seems balanced, but it might be influenced by a bias towards scientific methods."",
        ""cognitive_biases"": ""There might be a confirmation bias, favoring information that confirms pre-existing beliefs about climate change.""
      }
    },
    {
      ""step"": ""Make tentative choice"",
      ""content"": ""The tentative choice is to use a combination of all options to predict the long-term impacts of climate change."",
      ""reflection"": {
        ""question"": ""How confident am I in this choice?"",
        ""answer"": ""Moderately confident, as it seems to be the most comprehensive approach. However, it is also the most resource-intensive."",
        ""overlooked_aspects"": ""The choice might overlook the importance of non-scientific perspectives and local knowledge.""
      }
    }
  ],
  ""overall_reflection"": ""The decision process was thorough and considered a range of options and criteria. However, it was heavily biased towards scientific methods and might have overlooked other valuable perspectives. The complexity and uncertainty of predicting long-term climate change impacts were also acknowledged.""
}",B,5,4,5,5
